"Snapshot","File","SHA256"
"eqfinalwork","backend\app\services\extraction\exam_structure.py","0D048AB980D66BCBA6685A4FD81425D119A9DDB5A5C8BFB6FE9DAEF9078FFDAA"
"eqfinalwork","backend\app\services\extraction\structured_evidence.py","189F31C89B557E2A45D975BA3E6F618ACDCCFBDB93F58F09E73D3B9136CD3D6A"
"eqfinalwork","backend\app\services\extraction\associations.py","14AFE71DDED2ECA4EF902533B36227B6EC315EBFA2CA265A90E48C5CE1023CB5"
"eqfinalwork","backend\app\services\extraction\review_workflow.py","CF76A7391D6895C6DFE16F061C63F2E50910C533A14CABA56F7DB66F8065123D"
"eqfinalwork","backend\app\services\processing\stages.py","E0A8237D0A0BA0C1558825D6059ACC8932016397CBE9CCE0ED0F53B3FB852438"
"eqfinalwork_BACKUP_BEFORE_ANALYSIS_POINTS_1_TO_4_20260809_055027","backend\app\services\extraction\structured_evidence.py","FC304A5ED01C522DE85BC25FB59F5DDEB0F7D104DDA9EC7D77B09D2019B85C00"
"eqfinalwork_BACKUP_BEFORE_ANALYSIS_POINTS_1_TO_4_20260809_055027","backend\app\services\extraction\associations.py","EC5D0B249E1A1860FE8738F4C817559163B7064B47A2D0E91E4FE28E819FA527"
"eqfinalwork_BACKUP_BEFORE_ANALYSIS_POINTS_1_TO_4_20260809_055027","backend\app\services\extraction\review_workflow.py","5D3B7195A560D9CAD36C81441950875998D985D6601C2B90315289FADE4AC9D0"
"eqfinalwork_BACKUP_BEFORE_ANALYSIS_POINTS_1_TO_4_20260809_055027","backend\app\services\processing\stages.py","4BE4F73713A22E3AE83D1A4BB53CA62298BB338080A68592ACEE4DAAD8A75E2F"
"eqfinalwork_BACKUP_BEFORE_CLO_SCOPE_CHECKBOX_20260809_063220","backend\app\services\processing\stages.py","C1F8682B1BFF7EC1DC1CEC3DA3B1B8A6BEB80E85E7BA90BED55AB45ECE813501"
"eqfinalwork_BACKUP_BEFORE_GENERAL_EXTRACTION_FIX_20260809_025138","backend\app\services\extraction\exam_structure.py","E979D0BDC45D2EB82A1E63D3EE8B32FA7A8E0E6D283B73C2DB6CE6B103E504D5"
"eqfinalwork_BACKUP_BEFORE_GENERAL_EXTRACTION_FIX_20260809_025138","backend\app\services\extraction\structured_evidence.py","842A7C91F7EEE76E2752DB491781E9F2B9C977ED22F09AF791D8AC1797E43DFE"
"eqfinalwork_BACKUP_BEFORE_LAST_FINDINGS_PHILOSOPHY_20260809_110042","backend\app\services\processing\stages.py","2CE6BD92E0AC8CE8D6B0DA28CC87E398D1987BB510085D7F29465E7EF02AD4C3"
"eqfinalwork_BACKUP_BEFORE_PILOT_SCOPE_CLEANUP_20260809_095753","backend\app\services\processing\stages.py","CE9E34E98A2067DEC84F0AD78995F797A170F7D1B0A2305C1AD4EA4A11E41B22"
"eqfinalwork_BACKUP_BEFORE_REFERENCE_FIX_CURRENT_BUILD_20260809_082101","backend\app\services\extraction\exam_structure.py","3930BA1ABB660C362B4CDFA782212FFFCD94E97A9B2042B2E647DB9C1E6A7A7B"
"eqfinalwork_BACKUP_BEFORE_REFERENCE_FIX_CURRENT_BUILD_20260809_082101","backend\app\services\extraction\structured_evidence.py","B54214D8957F56A546FE2B11417E3D32F19E8F5A29CA59489FFA646A65D907CD"
"eqfinalwork_BACKUP_BEFORE_REFERENCE_FIX_CURRENT_BUILD_20260809_082101","backend\app\services\extraction\associations.py","62BABDFE40E4018BD66C13FA041E71C429EA004150F5219A7CDFF2C9137C9C85"
"eqfinalwork_BACKUP_BEFORE_REFERENCE_FIX_CURRENT_BUILD_20260809_082101","backend\app\services\extraction\review_workflow.py","06C8C01F830B2315DEC7BA765C5F53CAFD8F5C7F1298712E5DFA6A835701D674"
"eqfinalwork_BACKUP_BEFORE_REFERENCE_FIX_CURRENT_BUILD_20260809_082101","backend\app\services\processing\stages.py","1BA7521EF422F02092CEFE4E654F8ADAFD00B968A3FB63C6A2CCD49281930E13"
